INSERT INTO unit(name, symbol, code)
VALUES ('Килограмм', 'кг', '166'),
       ('Штука', 'шт', '796'),
       ('Тонна', 'Т', '168');

INSERT INTO product_classifier(id, name, symbol, unit_id)
VALUES (1, 'КОРПУС', 'КП25.00.00.450', 2),
       (2, 'ПРОВОЛКА', '1,6 СВ-08Г2С', 1),
       (3, 'ЭЛЕКТРОД УОНИ', '13/45 Ф4 ГОСТ 9467-75', 1),
       (4, 'ДВУОКИСЬ УГЛЕРОДА ЖИДКОГО', 'ГОСТ 8050-85', 1),
       (5, 'СТЕНКА', 'КП25.00.00.456-01', 2),
       (6, 'СТЕНКА', 'КП25.00.00.456', 2),
       (7, 'СТЕНКА Б/Ч', 'КП25.00.00.455', 2),
       (8, 'РАСПОРКА', 'КП25.00.00.454', 2),
       (9, 'СВЯЗЬ', 'КП25.00.00.453-03', 2),
       (10, 'СВЯЗЬ', 'КП25.00.00.453-02', 2),
       (11, 'СВЯЗЬ', 'КП25.00.00.453-01', 2),
       (12, 'СВЯЗЬ', 'КП25.00.00.453', 2),
       (13, 'ПРОУШИНА', 'КП25.00.00.452', 2),
       (14, 'ПРОУШИНА', 'КП25.00.00.451', 2),
       (15, 'БОКОВИНА', 'КП25.00.00.480-01', 2),
       (16, 'БОКОВИНА', 'КП25.00.00.480', 2),
       (17, 'ПРОУШИНА', 'КП25.00.00.470-01', 2),
       (18, 'ПРОУШИНА', 'КП25.00.00.470', 2),
       (19, 'ЛИСТ', '20-Б-ПН-О СТ 3 КП2', 3),
       (20, 'ЛИСТ', '10-Б-ПН-О СТ 3 КП2', 3),
       (21, 'ПРОВОЛОКА', '1,6 СВ-08Г2С', 1),
       (22, 'БОБЫШКА', 'КП25.00.00.472', 2),
       (23, 'ПРОУШИНА', 'КП25.00.00.471', 2),
       (24, 'СТЕНКА', 'КП25.00.00.481', 2),
       (25, 'ЛИСТ', '16-Б-ПН-О СТ 3КП2', 3),
       (26, 'КРУГ', '40-В-I СТ 5ПС2-III', 3);

INSERT INTO product(id, quantity, classifier_id, position)
VALUES (1, 1, 1, 1),
       (2, 3.06, 2, 1),
       (3, 0.4, 3, 2),
       (4, 3.7, 4, 3),
       (5, 2, 5, 4),
       (6, 2, 6, 5),
       (7, 2, 7, 6),
       (8, 2, 8, 7),
       (9, 1, 9, 8),
       (10, 1, 10, 9),
       (11, 1, 11, 10),
       (12, 1, 12, 11),
       (13, 2, 13, 12),
       (14, 2, 14, 13),
       (15, 1, 15, 14),
       (16, 1, 16, 15),
       (17, 1, 17, 16),
       (18, 1, 18, 17),
       (19, 0.0154, 19, 1),
       (20, 0.004, 19, 1),
       (21, 0.0075, 20, 1),
       (22, 0.0075, 20, 1),
       (23, 0.0094, 20, 1),
       (24, 0.094, 20, 1),
       (25, 0.0127, 20, 1),
       (26, 0.0154, 25, 1),
       (27, 0.0004, 20, 1),
       (28, 0.0005, 20, 1),
       (29, 0.004, 21, 1),
       (30, 0.01, 3, 2),
       (31, 0.05, 4, 3),
       (32, 1, 22, 4),
       (33, 1, 23, 5),
       (34, 0.04, 21, 1),
       (35, 0.01, 3, 2),
       (36, 0.05, 4, 3),
       (37, 1, 22, 4),
       (38, 1, 23, 5),
       (39, 0.03, 21, 1),
       (40, 0.01, 3, 2),
       (41, 0.04, 4, 3),
       (42, 1, 24, 4),
       (43, 1, 22, 5),
       (44, 0.03, 21, 1),
       (45, 0.01, 3, 2),
       (46, 0.04, 4, 3),
       (48, 1, 24, 4),
       (49, 1, 22, 5),
       (50, 0.002, 19, 1),
       (51, 0.0003, 26, 1),
       (52, 0.0125, 19, 1);

INSERT INTO product_specification(product_id, child_id)
VALUES (1, 2),
    (1, 3),
    (1, 4),
    (1, 5),
    (1, 6),
    (1, 7),
    (1, 8),
    (1, 9),
    (1, 10),
    (1, 11),
    (1, 12),
    (1, 13),
    (1, 14),
    (1, 15),
    (1, 16),
    (1, 17),
    (1, 18),
    (1, 18),
    (14, 19),
    (13, 20),
    (12, 21),
    (11, 22),
    (10, 23),
    (9, 24),
    (8, 25),
    (7, 26),
    (6, 27),
    (5, 28),
    (18, 34),
    (18, 30),
    (18, 16),
    (18, 43),
    (18, 33),
    (17, 39),
    (17, 35),
    (17, 31),
    (17, 32),
    (17, 38),
    (16, 44),
    (16, 40),
    (16, 41),
    (16, 42),
    (16, 49),
    (15, 44),
    (15, 45),
    (15, 46),
    (15, 48),
    (15, 37),
    (33, 50),
    (49, 51),
    (48, 52)
